MsgNum, Byte, GRIB-Version, elem, level, reference(UTC), valid(UTC), Proj(hr)
1.0, 0, 1, MSLET="Mean sea level pressure (ETA model) [Pa]", 0-MSL, 01/02/2006 00:00, 01/02/2006 00:00, 0.00
2.0, 166602, 1, PRMSL="Pressure reduced to MSL [Pa]", 0-MSL, 01/02/2006 00:00, 01/02/2006 00:00, 0.00
3.0, 333204, 1, PRES="Pressure [Pa]", 1-HYBL, 01/02/2006 00:00, 01/02/2006 00:00, 0.00
4.0, 440414, 1, HGT="Geopotential height [gpm]", 1-HYBL, 01/02/2006 00:00, 01/02/2006 00:00, 0.00
5.0, 607016, 1, TMP="Temperature [K]", 1-HYBL, 01/02/2006 00:00, 01/02/2006 00:00, 0.00
6.0, 749862, 1, POT="Potential temperature [K]", 1-HYBL, 01/02/2006 00:00, 01/02/2006 00:00, 0.00
7.0, 892708, 1, RH="Relative humidity [%]", 1-HYBL, 01/02/2006 00:00, 01/02/2006 00:00, 0.00
8.0, 1035554, 1, SPFH="Specific humidity [kg/kg]", 1-HYBL, 01/02/2006 00:00, 01/02/2006 00:00, 0.00
9.0, 1178400, 1, MCONV="Horizontal moisture divergence [kg/kg/s]", 1-HYBL, 01/02/2006 00:00, 01/02/2006 00:00, 0.00
10.0, 1309368, 1, UGRD="u-component of wind [m/s]", 1-HYBL, 01/02/2006 00:00, 01/02/2006 00:00, 0.00
11.0, 1464138, 1, VGRD="v-component of wind [m/s]", 1-HYBL, 01/02/2006 00:00, 01/02/2006 00:00, 0.00
12.0, 1618908, 1, VVEL="Vertical velocity (pressure) [Pa/s]", 1-HYBL, 01/02/2006 00:00, 01/02/2006 00:00, 0.00
13.0, 1737998, 1, TKE="Turbulent Kinetic Energy [J/kg]", 1-HYBL, 01/02/2006 00:00, 01/02/2006 00:00, 0.00
14.0, 1833330, 1, VIS="Visibility [m]", 0-SFC, 01/02/2006 00:00, 01/02/2006 00:00, 0.00
15.0, 1928662, 1, HPBL="Planetary boundary layer height [m]", 0-SFC, 01/02/2006 00:00, 01/02/2006 00:00, 0.00
16.0, 2130898, 1, BMIXL="Blackadars mixing length scale [m]", 1-HYBL, 01/02/2006 00:00, 01/02/2006 00:00, 0.00
17.0, 2261866, 1, HGT="Geopotential height [gpm]", 100-ISBL, 01/02/2006 00:00, 01/02/2006 00:00, 0.00
18.0, 2416590, 1, TMP="Temperature [K]", 100-ISBL, 01/02/2006 00:00, 01/02/2006 00:00, 0.00
19.0, 2571314, 1, SPFH="Specific humidity [kg/kg]", 100-ISBL, 01/02/2006 00:00, 01/02/2006 00:00, 0.00
20.0, 2737916, 1, VVEL="Vertical velocity (pressure) [Pa/s]", 100-ISBL, 01/02/2006 00:00, 01/02/2006 00:00, 0.00
21.0, 2833248, 1, UGRD="u-component of wind [m/s]", 100-ISBL, 01/02/2006 00:00, 01/02/2006 00:00, 0.00
22.0, 2988018, 1, VGRD="v-component of wind [m/s]", 100-ISBL, 01/02/2006 00:00, 01/02/2006 00:00, 0.00
23.0, 3142788, 1, CLWMR="Cloud water [kg/kg]", 100-ISBL, 01/02/2006 00:00, 01/02/2006 00:00, 0.00
24.0, 3154974, 1, ICMR="Ice mixing ratio [kg/kg]", 100-ISBL, 01/02/2006 00:00, 01/02/2006 00:00, 0.00
25.0, 3285942, 1, HGT="Geopotential height [gpm]", 125-ISBL, 01/02/2006 00:00, 01/02/2006 00:00, 0.00
26.0, 3440666, 1, TMP="Temperature [K]", 125-ISBL, 01/02/2006 00:00, 01/02/2006 00:00, 0.00
27.0, 3583512, 1, SPFH="Specific humidity [kg/kg]", 125-ISBL, 01/02/2006 00:00, 01/02/2006 00:00, 0.00
28.0, 3738236, 1, VVEL="Vertical velocity (pressure) [Pa/s]", 125-ISBL, 01/02/2006 00:00, 01/02/2006 00:00, 0.00
29.0, 3845446, 1, UGRD="u-component of wind [m/s]", 125-ISBL, 01/02/2006 00:00, 01/02/2006 00:00, 0.00
30.0, 4012098, 1, VGRD="v-component of wind [m/s]", 125-ISBL, 01/02/2006 00:00, 01/02/2006 00:00, 0.00
31.0, 4166868, 1, CLWMR="Cloud water [kg/kg]", 125-ISBL, 01/02/2006 00:00, 01/02/2006 00:00, 0.00
32.0, 4179054, 1, ICMR="Ice mixing ratio [kg/kg]", 125-ISBL, 01/02/2006 00:00, 01/02/2006 00:00, 0.00
33.0, 4286264, 1, HGT="Geopotential height [gpm]", 150-ISBL, 01/02/2006 00:00, 01/02/2006 00:00, 0.00
34.0, 4440988, 1, TMP="Temperature [K]", 150-ISBL, 01/02/2006 00:00, 01/02/2006 00:00, 0.00
35.0, 4583834, 1, SPFH="Specific humidity [kg/kg]", 150-ISBL, 01/02/2006 00:00, 01/02/2006 00:00, 0.00
36.0, 4750436, 1, VVEL="Vertical velocity (pressure) [Pa/s]", 150-ISBL, 01/02/2006 00:00, 01/02/2006 00:00, 0.00
37.0, 4857646, 1, UGRD="u-component of wind [m/s]", 150-ISBL, 01/02/2006 00:00, 01/02/2006 00:00, 0.00
38.0, 5024298, 1, VGRD="v-component of wind [m/s]", 150-ISBL, 01/02/2006 00:00, 01/02/2006 00:00, 0.00
39.0, 5179068, 1, CLWMR="Cloud water [kg/kg]", 150-ISBL, 01/02/2006 00:00, 01/02/2006 00:00, 0.00
40.0, 5191254, 1, ICMR="Ice mixing ratio [kg/kg]", 150-ISBL, 01/02/2006 00:00, 01/02/2006 00:00, 0.00
41.0, 5322222, 1, HGT="Geopotential height [gpm]", 175-ISBL, 01/02/2006 00:00, 01/02/2006 00:00, 0.00
42.0, 5476946, 1, TMP="Temperature [K]", 175-ISBL, 01/02/2006 00:00, 01/02/2006 00:00, 0.00
43.0, 5619792, 1, SPFH="Specific humidity [kg/kg]", 175-ISBL, 01/02/2006 00:00, 01/02/2006 00:00, 0.00
44.0, 5762638, 1, VVEL="Vertical velocity (pressure) [Pa/s]", 175-ISBL, 01/02/2006 00:00, 01/02/2006 00:00, 0.00
45.0, 5881728, 1, UGRD="u-component of wind [m/s]", 175-ISBL, 01/02/2006 00:00, 01/02/2006 00:00, 0.00
46.0, 6048380, 1, VGRD="v-component of wind [m/s]", 175-ISBL, 01/02/2006 00:00, 01/02/2006 00:00, 0.00
47.0, 6203150, 1, CLWMR="Cloud water [kg/kg]", 175-ISBL, 01/02/2006 00:00, 01/02/2006 00:00, 0.00
48.0, 6215336, 1, ICMR="Ice mixing ratio [kg/kg]", 175-ISBL, 01/02/2006 00:00, 01/02/2006 00:00, 0.00
49.0, 6334426, 1, HGT="Geopotential height [gpm]", 200-ISBL, 01/02/2006 00:00, 01/02/2006 00:00, 0.00
50.0, 6489150, 1, TMP="Temperature [K]", 200-ISBL, 01/02/2006 00:00, 01/02/2006 00:00, 0.00
51.0, 6631996, 1, SPFH="Specific humidity [kg/kg]", 200-ISBL, 01/02/2006 00:00, 01/02/2006 00:00, 0.00
52.0, 6774842, 1, VVEL="Vertical velocity (pressure) [Pa/s]", 200-ISBL, 01/02/2006 00:00, 01/02/2006 00:00, 0.00
53.0, 6893932, 1, UGRD="u-component of wind [m/s]", 200-ISBL, 01/02/2006 00:00, 01/02/2006 00:00, 0.00
54.0, 7060584, 1, VGRD="v-component of wind [m/s]", 200-ISBL, 01/02/2006 00:00, 01/02/2006 00:00, 0.00
55.0, 7227236, 1, CLWMR="Cloud water [kg/kg]", 200-ISBL, 01/02/2006 00:00, 01/02/2006 00:00, 0.00
56.0, 7239422, 1, ICMR="Ice mixing ratio [kg/kg]", 200-ISBL, 01/02/2006 00:00, 01/02/2006 00:00, 0.00
57.0, 7358512, 1, HGT="Geopotential height [gpm]", 225-ISBL, 01/02/2006 00:00, 01/02/2006 00:00, 0.00
58.0, 7513236, 1, TMP="Temperature [K]", 225-ISBL, 01/02/2006 00:00, 01/02/2006 00:00, 0.00
59.0, 7656082, 1, SPFH="Specific humidity [kg/kg]", 225-ISBL, 01/02/2006 00:00, 01/02/2006 00:00, 0.00
60.0, 7798928, 1, VVEL="Vertical velocity (pressure) [Pa/s]", 225-ISBL, 01/02/2006 00:00, 01/02/2006 00:00, 0.00
61.0, 7929896, 1, UGRD="u-component of wind [m/s]", 225-ISBL, 01/02/2006 00:00, 01/02/2006 00:00, 0.00
62.0, 8096548, 1, VGRD="v-component of wind [m/s]", 225-ISBL, 01/02/2006 00:00, 01/02/2006 00:00, 0.00
63.0, 8263200, 1, CLWMR="Cloud water [kg/kg]", 225-ISBL, 01/02/2006 00:00, 01/02/2006 00:00, 0.00
64.0, 8275386, 1, ICMR="Ice mixing ratio [kg/kg]", 225-ISBL, 01/02/2006 00:00, 01/02/2006 00:00, 0.00
65.0, 8406354, 1, HGT="Geopotential height [gpm]", 250-ISBL, 01/02/2006 00:00, 01/02/2006 00:00, 0.00
66.0, 8561078, 1, TMP="Temperature [K]", 250-ISBL, 01/02/2006 00:00, 01/02/2006 00:00, 0.00
67.0, 8703924, 1, SPFH="Specific humidity [kg/kg]", 250-ISBL, 01/02/2006 00:00, 01/02/2006 00:00, 0.00
68.0, 8858648, 1, VVEL="Vertical velocity (pressure) [Pa/s]", 250-ISBL, 01/02/2006 00:00, 01/02/2006 00:00, 0.00
69.0, 8989616, 1, UGRD="u-component of wind [m/s]", 250-ISBL, 01/02/2006 00:00, 01/02/2006 00:00, 0.00
70.0, 9156268, 1, VGRD="v-component of wind [m/s]", 250-ISBL, 01/02/2006 00:00, 01/02/2006 00:00, 0.00
71.0, 9322920, 1, CLWMR="Cloud water [kg/kg]", 250-ISBL, 01/02/2006 00:00, 01/02/2006 00:00, 0.00
72.0, 9335106, 1, ICMR="Ice mixing ratio [kg/kg]", 250-ISBL, 01/02/2006 00:00, 01/02/2006 00:00, 0.00
73.0, 9466074, 1, HGT="Geopotential height [gpm]", 275-ISBL, 01/02/2006 00:00, 01/02/2006 00:00, 0.00
74.0, 9620798, 1, TMP="Temperature [K]", 275-ISBL, 01/02/2006 00:00, 01/02/2006 00:00, 0.00
75.0, 9763644, 1, SPFH="Specific humidity [kg/kg]", 275-ISBL, 01/02/2006 00:00, 01/02/2006 00:00, 0.00
76.0, 9918368, 1, VVEL="Vertical velocity (pressure) [Pa/s]", 275-ISBL, 01/02/2006 00:00, 01/02/2006 00:00, 0.00
77.0, 10049336, 1, UGRD="u-component of wind [m/s]", 275-ISBL, 01/02/2006 00:00, 01/02/2006 00:00, 0.00
78.0, 10215988, 1, VGRD="v-component of wind [m/s]", 275-ISBL, 01/02/2006 00:00, 01/02/2006 00:00, 0.00
79.0, 10382640, 1, CLWMR="Cloud water [kg/kg]", 275-ISBL, 01/02/2006 00:00, 01/02/2006 00:00, 0.00
80.0, 10394826, 1, ICMR="Ice mixing ratio [kg/kg]", 275-ISBL, 01/02/2006 00:00, 01/02/2006 00:00, 0.00
81.0, 10525794, 1, HGT="Geopotential height [gpm]", 300-ISBL, 01/02/2006 00:00, 01/02/2006 00:00, 0.00
82.0, 10680518, 1, TMP="Temperature [K]", 300-ISBL, 01/02/2006 00:00, 01/02/2006 00:00, 0.00
83.0, 10835242, 1, SPFH="Specific humidity [kg/kg]", 300-ISBL, 01/02/2006 00:00, 01/02/2006 00:00, 0.00
84.0, 11001844, 1, VVEL="Vertical velocity (pressure) [Pa/s]", 300-ISBL, 01/02/2006 00:00, 01/02/2006 00:00, 0.00
85.0, 11132812, 1, UGRD="u-component of wind [m/s]", 300-ISBL, 01/02/2006 00:00, 01/02/2006 00:00, 0.00
86.0, 11299464, 1, VGRD="v-component of wind [m/s]", 300-ISBL, 01/02/2006 00:00, 01/02/2006 00:00, 0.00
87.0, 11466116, 1, CLWMR="Cloud water [kg/kg]", 300-ISBL, 01/02/2006 00:00, 01/02/2006 00:00, 0.00
88.0, 11478302, 1, ICMR="Ice mixing ratio [kg/kg]", 300-ISBL, 01/02/2006 00:00, 01/02/2006 00:00, 0.00
89.0, 11609270, 1, HGT="Geopotential height [gpm]", 350-ISBL, 01/02/2006 00:00, 01/02/2006 00:00, 0.00
90.0, 11763994, 1, TMP="Temperature [K]", 350-ISBL, 01/02/2006 00:00, 01/02/2006 00:00, 0.00
91.0, 11918718, 1, SPFH="Specific humidity [kg/kg]", 350-ISBL, 01/02/2006 00:00, 01/02/2006 00:00, 0.00
92.0, 12061564, 1, VVEL="Vertical velocity (pressure) [Pa/s]", 350-ISBL, 01/02/2006 00:00, 01/02/2006 00:00, 0.00
93.0, 12192532, 1, UGRD="u-component of wind [m/s]", 350-ISBL, 01/02/2006 00:00, 01/02/2006 00:00, 0.00
94.0, 12359184, 1, VGRD="v-component of wind [m/s]", 350-ISBL, 01/02/2006 00:00, 01/02/2006 00:00, 0.00
95.0, 12525836, 1, CLWMR="Cloud water [kg/kg]", 350-ISBL, 01/02/2006 00:00, 01/02/2006 00:00, 0.00
96.0, 12538022, 1, ICMR="Ice mixing ratio [kg/kg]", 350-ISBL, 01/02/2006 00:00, 01/02/2006 00:00, 0.00
97.0, 12668990, 1, HGT="Geopotential height [gpm]", 400-ISBL, 01/02/2006 00:00, 01/02/2006 00:00, 0.00
98.0, 12823714, 1, TMP="Temperature [K]", 400-ISBL, 01/02/2006 00:00, 01/02/2006 00:00, 0.00
99.0, 12978438, 1, SPFH="Specific humidity [kg/kg]", 400-ISBL, 01/02/2006 00:00, 01/02/2006 00:00, 0.00
100.0, 13121284, 1, VVEL="Vertical velocity (pressure) [Pa/s]", 400-ISBL, 01/02/2006 00:00, 01/02/2006 00:00, 0.00
101.0, 13252252, 1, UGRD="u-component of wind [m/s]", 400-ISBL, 01/02/2006 00:00, 01/02/2006 00:00, 0.00
102.0, 13418904, 1, VGRD="v-component of wind [m/s]", 400-ISBL, 01/02/2006 00:00, 01/02/2006 00:00, 0.00
103.0, 13585556, 1, CLWMR="Cloud water [kg/kg]", 400-ISBL, 01/02/2006 00:00, 01/02/2006 00:00, 0.00
104.0, 13597742, 1, ICMR="Ice mixing ratio [kg/kg]", 400-ISBL, 01/02/2006 00:00, 01/02/2006 00:00, 0.00
105.0, 13716832, 1, HGT="Geopotential height [gpm]", 450-ISBL, 01/02/2006 00:00, 01/02/2006 00:00, 0.00
106.0, 13871556, 1, TMP="Temperature [K]", 450-ISBL, 01/02/2006 00:00, 01/02/2006 00:00, 0.00
107.0, 14026280, 1, SPFH="Specific humidity [kg/kg]", 450-ISBL, 01/02/2006 00:00, 01/02/2006 00:00, 0.00
108.0, 14181004, 1, VVEL="Vertical velocity (pressure) [Pa/s]", 450-ISBL, 01/02/2006 00:00, 01/02/2006 00:00, 0.00
109.0, 14323850, 1, UGRD="u-component of wind [m/s]", 450-ISBL, 01/02/2006 00:00, 01/02/2006 00:00, 0.00
110.0, 14490502, 1, VGRD="v-component of wind [m/s]", 450-ISBL, 01/02/2006 00:00, 01/02/2006 00:00, 0.00
111.0, 14657154, 1, CLWMR="Cloud water [kg/kg]", 450-ISBL, 01/02/2006 00:00, 01/02/2006 00:00, 0.00
112.0, 14669340, 1, ICMR="Ice mixing ratio [kg/kg]", 450-ISBL, 01/02/2006 00:00, 01/02/2006 00:00, 0.00
113.0, 14788430, 1, HGT="Geopotential height [gpm]", 500-ISBL, 01/02/2006 00:00, 01/02/2006 00:00, 0.00
114.0, 14931276, 1, TMP="Temperature [K]", 500-ISBL, 01/02/2006 00:00, 01/02/2006 00:00, 0.00
115.0, 15086000, 1, SPFH="Specific humidity [kg/kg]", 500-ISBL, 01/02/2006 00:00, 01/02/2006 00:00, 0.00
116.0, 15240724, 1, VVEL="Vertical velocity (pressure) [Pa/s]", 500-ISBL, 01/02/2006 00:00, 01/02/2006 00:00, 0.00
117.0, 15383570, 1, UGRD="u-component of wind [m/s]", 500-ISBL, 01/02/2006 00:00, 01/02/2006 00:00, 0.00
118.0, 15550222, 1, VGRD="v-component of wind [m/s]", 500-ISBL, 01/02/2006 00:00, 01/02/2006 00:00, 0.00
119.0, 15716874, 1, CLWMR="Cloud water [kg/kg]", 500-ISBL, 01/02/2006 00:00, 01/02/2006 00:00, 0.00
120.0, 15729060, 1, ICMR="Ice mixing ratio [kg/kg]", 500-ISBL, 01/02/2006 00:00, 01/02/2006 00:00, 0.00
121.0, 15860028, 1, HGT="Geopotential height [gpm]", 550-ISBL, 01/02/2006 00:00, 01/02/2006 00:00, 0.00
122.0, 16002874, 1, TMP="Temperature [K]", 550-ISBL, 01/02/2006 00:00, 01/02/2006 00:00, 0.00
123.0, 16157598, 1, SPFH="Specific humidity [kg/kg]", 550-ISBL, 01/02/2006 00:00, 01/02/2006 00:00, 0.00
124.0, 16324200, 1, VVEL="Vertical velocity (pressure) [Pa/s]", 550-ISBL, 01/02/2006 00:00, 01/02/2006 00:00, 0.00
125.0, 16467046, 1, UGRD="u-component of wind [m/s]", 550-ISBL, 01/02/2006 00:00, 01/02/2006 00:00, 0.00
126.0, 16633698, 1, VGRD="v-component of wind [m/s]", 550-ISBL, 01/02/2006 00:00, 01/02/2006 00:00, 0.00
127.0, 16788468, 1, CLWMR="Cloud water [kg/kg]", 550-ISBL, 01/02/2006 00:00, 01/02/2006 00:00, 0.00
128.0, 16800654, 1, ICMR="Ice mixing ratio [kg/kg]", 550-ISBL, 01/02/2006 00:00, 01/02/2006 00:00, 0.00
129.0, 16895986, 1, HGT="Geopotential height [gpm]", 600-ISBL, 01/02/2006 00:00, 01/02/2006 00:00, 0.00
130.0, 17038832, 1, TMP="Temperature [K]", 600-ISBL, 01/02/2006 00:00, 01/02/2006 00:00, 0.00
131.0, 17193556, 1, SPFH="Specific humidity [kg/kg]", 600-ISBL, 01/02/2006 00:00, 01/02/2006 00:00, 0.00
132.0, 17360158, 1, VVEL="Vertical velocity (pressure) [Pa/s]", 600-ISBL, 01/02/2006 00:00, 01/02/2006 00:00, 0.00
133.0, 17503004, 1, UGRD="u-component of wind [m/s]", 600-ISBL, 01/02/2006 00:00, 01/02/2006 00:00, 0.00
134.0, 17669656, 1, VGRD="v-component of wind [m/s]", 600-ISBL, 01/02/2006 00:00, 01/02/2006 00:00, 0.00
135.0, 17824426, 1, TKE="Turbulent Kinetic Energy [J/kg]", 600-ISBL, 01/02/2006 00:00, 01/02/2006 00:00, 0.00
136.0, 17919758, 1, CLWMR="Cloud water [kg/kg]", 600-ISBL, 01/02/2006 00:00, 01/02/2006 00:00, 0.00
137.0, 18038848, 1, ICMR="Ice mixing ratio [kg/kg]", 600-ISBL, 01/02/2006 00:00, 01/02/2006 00:00, 0.00
138.0, 18157938, 1, HGT="Geopotential height [gpm]", 650-ISBL, 01/02/2006 00:00, 01/02/2006 00:00, 0.00
139.0, 18300784, 1, TMP="Temperature [K]", 650-ISBL, 01/02/2006 00:00, 01/02/2006 00:00, 0.00
140.0, 18455508, 1, SPFH="Specific humidity [kg/kg]", 650-ISBL, 01/02/2006 00:00, 01/02/2006 00:00, 0.00
141.0, 18622110, 1, VVEL="Vertical velocity (pressure) [Pa/s]", 650-ISBL, 01/02/2006 00:00, 01/02/2006 00:00, 0.00
142.0, 18764956, 1, UGRD="u-component of wind [m/s]", 650-ISBL, 01/02/2006 00:00, 01/02/2006 00:00, 0.00
143.0, 18919726, 1, VGRD="v-component of wind [m/s]", 650-ISBL, 01/02/2006 00:00, 01/02/2006 00:00, 0.00
144.0, 19074496, 1, TKE="Turbulent Kinetic Energy [J/kg]", 650-ISBL, 01/02/2006 00:00, 01/02/2006 00:00, 0.00
145.0, 19181706, 1, CLWMR="Cloud water [kg/kg]", 650-ISBL, 01/02/2006 00:00, 01/02/2006 00:00, 0.00
146.0, 19312674, 1, ICMR="Ice mixing ratio [kg/kg]", 650-ISBL, 01/02/2006 00:00, 01/02/2006 00:00, 0.00
147.0, 19443642, 1, HGT="Geopotential height [gpm]", 700-ISBL, 01/02/2006 00:00, 01/02/2006 00:00, 0.00
148.0, 19586488, 1, TMP="Temperature [K]", 700-ISBL, 01/02/2006 00:00, 01/02/2006 00:00, 0.00
149.0, 19741212, 1, SPFH="Specific humidity [kg/kg]", 700-ISBL, 01/02/2006 00:00, 01/02/2006 00:00, 0.00
150.0, 19919692, 1, VVEL="Vertical velocity (pressure) [Pa/s]", 700-ISBL, 01/02/2006 00:00, 01/02/2006 00:00, 0.00
151.0, 20062538, 1, UGRD="u-component of wind [m/s]", 700-ISBL, 01/02/2006 00:00, 01/02/2006 00:00, 0.00
152.0, 20217308, 1, VGRD="v-component of wind [m/s]", 700-ISBL, 01/02/2006 00:00, 01/02/2006 00:00, 0.00
153.0, 20372078, 1, TKE="Turbulent Kinetic Energy [J/kg]", 700-ISBL, 01/02/2006 00:00, 01/02/2006 00:00, 0.00
154.0, 20455532, 1, CLWMR="Cloud water [kg/kg]", 700-ISBL, 01/02/2006 00:00, 01/02/2006 00:00, 0.00
155.0, 20550864, 1, ICMR="Ice mixing ratio [kg/kg]", 700-ISBL, 01/02/2006 00:00, 01/02/2006 00:00, 0.00
156.0, 20681832, 1, HGT="Geopotential height [gpm]", 725-ISBL, 01/02/2006 00:00, 01/02/2006 00:00, 0.00
157.0, 20824678, 1, TMP="Temperature [K]", 725-ISBL, 01/02/2006 00:00, 01/02/2006 00:00, 0.00
158.0, 20979402, 1, SPFH="Specific humidity [kg/kg]", 725-ISBL, 01/02/2006 00:00, 01/02/2006 00:00, 0.00
159.0, 21122248, 1, VVEL="Vertical velocity (pressure) [Pa/s]", 725-ISBL, 01/02/2006 00:00, 01/02/2006 00:00, 0.00
160.0, 21265094, 1, UGRD="u-component of wind [m/s]", 725-ISBL, 01/02/2006 00:00, 01/02/2006 00:00, 0.00
161.0, 21419864, 1, VGRD="v-component of wind [m/s]", 725-ISBL, 01/02/2006 00:00, 01/02/2006 00:00, 0.00
162.0, 21574634, 1, TKE="Turbulent Kinetic Energy [J/kg]", 725-ISBL, 01/02/2006 00:00, 01/02/2006 00:00, 0.00
163.0, 21669966, 1, CLWMR="Cloud water [kg/kg]", 725-ISBL, 01/02/2006 00:00, 01/02/2006 00:00, 0.00
164.0, 21765298, 1, ICMR="Ice mixing ratio [kg/kg]", 725-ISBL, 01/02/2006 00:00, 01/02/2006 00:00, 0.00
165.0, 21860630, 1, HGT="Geopotential height [gpm]", 750-ISBL, 01/02/2006 00:00, 01/02/2006 00:00, 0.00
166.0, 22003476, 1, TMP="Temperature [K]", 750-ISBL, 01/02/2006 00:00, 01/02/2006 00:00, 0.00
167.0, 22158200, 1, SPFH="Specific humidity [kg/kg]", 750-ISBL, 01/02/2006 00:00, 01/02/2006 00:00, 0.00
168.0, 22301046, 1, VVEL="Vertical velocity (pressure) [Pa/s]", 750-ISBL, 01/02/2006 00:00, 01/02/2006 00:00, 0.00
169.0, 22443892, 1, UGRD="u-component of wind [m/s]", 750-ISBL, 01/02/2006 00:00, 01/02/2006 00:00, 0.00
170.0, 22598662, 1, VGRD="v-component of wind [m/s]", 750-ISBL, 01/02/2006 00:00, 01/02/2006 00:00, 0.00
171.0, 22753432, 1, TKE="Turbulent Kinetic Energy [J/kg]", 750-ISBL, 01/02/2006 00:00, 01/02/2006 00:00, 0.00
172.0, 22848764, 1, CLWMR="Cloud water [kg/kg]", 750-ISBL, 01/02/2006 00:00, 01/02/2006 00:00, 0.00
173.0, 22979732, 1, ICMR="Ice mixing ratio [kg/kg]", 750-ISBL, 01/02/2006 00:00, 01/02/2006 00:00, 0.00
174.0, 23075064, 1, HGT="Geopotential height [gpm]", 775-ISBL, 01/02/2006 00:00, 01/02/2006 00:00, 0.00
175.0, 23217910, 1, TMP="Temperature [K]", 775-ISBL, 01/02/2006 00:00, 01/02/2006 00:00, 0.00
176.0, 23372634, 1, SPFH="Specific humidity [kg/kg]", 775-ISBL, 01/02/2006 00:00, 01/02/2006 00:00, 0.00
177.0, 23515480, 1, VVEL="Vertical velocity (pressure) [Pa/s]", 775-ISBL, 01/02/2006 00:00, 01/02/2006 00:00, 0.00
178.0, 23658326, 1, UGRD="u-component of wind [m/s]", 775-ISBL, 01/02/2006 00:00, 01/02/2006 00:00, 0.00
179.0, 23813096, 1, VGRD="v-component of wind [m/s]", 775-ISBL, 01/02/2006 00:00, 01/02/2006 00:00, 0.00
180.0, 23967866, 1, TKE="Turbulent Kinetic Energy [J/kg]", 775-ISBL, 01/02/2006 00:00, 01/02/2006 00:00, 0.00
181.0, 24063198, 1, CLWMR="Cloud water [kg/kg]", 775-ISBL, 01/02/2006 00:00, 01/02/2006 00:00, 0.00
182.0, 24158530, 1, ICMR="Ice mixing ratio [kg/kg]", 775-ISBL, 01/02/2006 00:00, 01/02/2006 00:00, 0.00
183.0, 24253862, 1, HGT="Geopotential height [gpm]", 800-ISBL, 01/02/2006 00:00, 01/02/2006 00:00, 0.00
184.0, 24396708, 1, TMP="Temperature [K]", 800-ISBL, 01/02/2006 00:00, 01/02/2006 00:00, 0.00
185.0, 24551432, 1, SPFH="Specific humidity [kg/kg]", 800-ISBL, 01/02/2006 00:00, 01/02/2006 00:00, 0.00
186.0, 24694278, 1, VVEL="Vertical velocity (pressure) [Pa/s]", 800-ISBL, 01/02/2006 00:00, 01/02/2006 00:00, 0.00
187.0, 24837124, 1, UGRD="u-component of wind [m/s]", 800-ISBL, 01/02/2006 00:00, 01/02/2006 00:00, 0.00
188.0, 24991894, 1, VGRD="v-component of wind [m/s]", 800-ISBL, 01/02/2006 00:00, 01/02/2006 00:00, 0.00
189.0, 25146664, 1, TKE="Turbulent Kinetic Energy [J/kg]", 800-ISBL, 01/02/2006 00:00, 01/02/2006 00:00, 0.00
190.0, 25241996, 1, CLWMR="Cloud water [kg/kg]", 800-ISBL, 01/02/2006 00:00, 01/02/2006 00:00, 0.00
191.0, 25337328, 1, ICMR="Ice mixing ratio [kg/kg]", 800-ISBL, 01/02/2006 00:00, 01/02/2006 00:00, 0.00
192.0, 25468296, 1, HGT="Geopotential height [gpm]", 825-ISBL, 01/02/2006 00:00, 01/02/2006 00:00, 0.00
193.0, 25611142, 1, TMP="Temperature [K]", 825-ISBL, 01/02/2006 00:00, 01/02/2006 00:00, 0.00
194.0, 25765866, 1, SPFH="Specific humidity [kg/kg]", 825-ISBL, 01/02/2006 00:00, 01/02/2006 00:00, 0.00
195.0, 25908712, 1, VVEL="Vertical velocity (pressure) [Pa/s]", 825-ISBL, 01/02/2006 00:00, 01/02/2006 00:00, 0.00
196.0, 26051558, 1, UGRD="u-component of wind [m/s]", 825-ISBL, 01/02/2006 00:00, 01/02/2006 00:00, 0.00
197.0, 26206328, 1, VGRD="v-component of wind [m/s]", 825-ISBL, 01/02/2006 00:00, 01/02/2006 00:00, 0.00
198.0, 26361098, 1, TKE="Turbulent Kinetic Energy [J/kg]", 825-ISBL, 01/02/2006 00:00, 01/02/2006 00:00, 0.00
199.0, 26456430, 1, CLWMR="Cloud water [kg/kg]", 825-ISBL, 01/02/2006 00:00, 01/02/2006 00:00, 0.00
200.0, 26551762, 1, ICMR="Ice mixing ratio [kg/kg]", 825-ISBL, 01/02/2006 00:00, 01/02/2006 00:00, 0.00
201.0, 26647094, 1, HGT="Geopotential height [gpm]", 850-ISBL, 01/02/2006 00:00, 01/02/2006 00:00, 0.00
202.0, 26789940, 1, TMP="Temperature [K]", 850-ISBL, 01/02/2006 00:00, 01/02/2006 00:00, 0.00
203.0, 26944664, 1, SPFH="Specific humidity [kg/kg]", 850-ISBL, 01/02/2006 00:00, 01/02/2006 00:00, 0.00
204.0, 27087510, 1, VVEL="Vertical velocity (pressure) [Pa/s]", 850-ISBL, 01/02/2006 00:00, 01/02/2006 00:00, 0.00
205.0, 27230356, 1, MCONV="Horizontal moisture divergence [kg/kg/s]", 850-ISBL, 01/02/2006 00:00, 01/02/2006 00:00, 0.00
206.0, 27337566, 1, UGRD="u-component of wind [m/s]", 850-ISBL, 01/02/2006 00:00, 01/02/2006 00:00, 0.00
207.0, 27504218, 1, VGRD="v-component of wind [m/s]", 850-ISBL, 01/02/2006 00:00, 01/02/2006 00:00, 0.00
208.0, 27658988, 1, TKE="Turbulent Kinetic Energy [J/kg]", 850-ISBL, 01/02/2006 00:00, 01/02/2006 00:00, 0.00
209.0, 27754320, 1, CLWMR="Cloud water [kg/kg]", 850-ISBL, 01/02/2006 00:00, 01/02/2006 00:00, 0.00
210.0, 27849652, 1, ICMR="Ice mixing ratio [kg/kg]", 850-ISBL, 01/02/2006 00:00, 01/02/2006 00:00, 0.00
211.0, 27944984, 1, HGT="Geopotential height [gpm]", 875-ISBL, 01/02/2006 00:00, 01/02/2006 00:00, 0.00
212.0, 28087830, 1, TMP="Temperature [K]", 875-ISBL, 01/02/2006 00:00, 01/02/2006 00:00, 0.00
213.0, 28254432, 1, SPFH="Specific humidity [kg/kg]", 875-ISBL, 01/02/2006 00:00, 01/02/2006 00:00, 0.00
214.0, 28397278, 1, VVEL="Vertical velocity (pressure) [Pa/s]", 875-ISBL, 01/02/2006 00:00, 01/02/2006 00:00, 0.00
215.0, 28540124, 1, UGRD="u-component of wind [m/s]", 875-ISBL, 01/02/2006 00:00, 01/02/2006 00:00, 0.00
216.0, 28706776, 1, VGRD="v-component of wind [m/s]", 875-ISBL, 01/02/2006 00:00, 01/02/2006 00:00, 0.00
217.0, 28861546, 1, TKE="Turbulent Kinetic Energy [J/kg]", 875-ISBL, 01/02/2006 00:00, 01/02/2006 00:00, 0.00
218.0, 28956878, 1, CLWMR="Cloud water [kg/kg]", 875-ISBL, 01/02/2006 00:00, 01/02/2006 00:00, 0.00
219.0, 29087846, 1, ICMR="Ice mixing ratio [kg/kg]", 875-ISBL, 01/02/2006 00:00, 01/02/2006 00:00, 0.00
220.0, 29218814, 1, HGT="Geopotential height [gpm]", 900-ISBL, 01/02/2006 00:00, 01/02/2006 00:00, 0.00
221.0, 29361660, 1, TMP="Temperature [K]", 900-ISBL, 01/02/2006 00:00, 01/02/2006 00:00, 0.00
222.0, 29528262, 1, SPFH="Specific humidity [kg/kg]", 900-ISBL, 01/02/2006 00:00, 01/02/2006 00:00, 0.00
223.0, 29671108, 1, VVEL="Vertical velocity (pressure) [Pa/s]", 900-ISBL, 01/02/2006 00:00, 01/02/2006 00:00, 0.00
224.0, 29813954, 1, UGRD="u-component of wind [m/s]", 900-ISBL, 01/02/2006 00:00, 01/02/2006 00:00, 0.00
225.0, 29980606, 1, VGRD="v-component of wind [m/s]", 900-ISBL, 01/02/2006 00:00, 01/02/2006 00:00, 0.00
226.0, 30135376, 1, TKE="Turbulent Kinetic Energy [J/kg]", 900-ISBL, 01/02/2006 00:00, 01/02/2006 00:00, 0.00
227.0, 30242586, 1, CLWMR="Cloud water [kg/kg]", 900-ISBL, 01/02/2006 00:00, 01/02/2006 00:00, 0.00
228.0, 30373554, 1, ICMR="Ice mixing ratio [kg/kg]", 900-ISBL, 01/02/2006 00:00, 01/02/2006 00:00, 0.00
229.0, 30468886, 1, HGT="Geopotential height [gpm]", 925-ISBL, 01/02/2006 00:00, 01/02/2006 00:00, 0.00
230.0, 30611732, 1, TMP="Temperature [K]", 925-ISBL, 01/02/2006 00:00, 01/02/2006 00:00, 0.00
231.0, 30778334, 1, SPFH="Specific humidity [kg/kg]", 925-ISBL, 01/02/2006 00:00, 01/02/2006 00:00, 0.00
232.0, 30921180, 1, VVEL="Vertical velocity (pressure) [Pa/s]", 925-ISBL, 01/02/2006 00:00, 01/02/2006 00:00, 0.00
233.0, 31064026, 1, UGRD="u-component of wind [m/s]", 925-ISBL, 01/02/2006 00:00, 01/02/2006 00:00, 0.00
234.0, 31230678, 1, VGRD="v-component of wind [m/s]", 925-ISBL, 01/02/2006 00:00, 01/02/2006 00:00, 0.00
235.0, 31385448, 1, TKE="Turbulent Kinetic Energy [J/kg]", 925-ISBL, 01/02/2006 00:00, 01/02/2006 00:00, 0.00
236.0, 31480780, 1, CLWMR="Cloud water [kg/kg]", 925-ISBL, 01/02/2006 00:00, 01/02/2006 00:00, 0.00
237.0, 31611748, 1, ICMR="Ice mixing ratio [kg/kg]", 925-ISBL, 01/02/2006 00:00, 01/02/2006 00:00, 0.00
238.0, 31707080, 1, HGT="Geopotential height [gpm]", 950-ISBL, 01/02/2006 00:00, 01/02/2006 00:00, 0.00
239.0, 31849926, 1, TMP="Temperature [K]", 950-ISBL, 01/02/2006 00:00, 01/02/2006 00:00, 0.00
240.0, 32016528, 1, SPFH="Specific humidity [kg/kg]", 950-ISBL, 01/02/2006 00:00, 01/02/2006 00:00, 0.00
241.0, 32159374, 1, VVEL="Vertical velocity (pressure) [Pa/s]", 950-ISBL, 01/02/2006 00:00, 01/02/2006 00:00, 0.00
242.0, 32290342, 1, UGRD="u-component of wind [m/s]", 950-ISBL, 01/02/2006 00:00, 01/02/2006 00:00, 0.00
243.0, 32445112, 1, VGRD="v-component of wind [m/s]", 950-ISBL, 01/02/2006 00:00, 01/02/2006 00:00, 0.00
244.0, 32599882, 1, TKE="Turbulent Kinetic Energy [J/kg]", 950-ISBL, 01/02/2006 00:00, 01/02/2006 00:00, 0.00
245.0, 32695214, 1, CLWMR="Cloud water [kg/kg]", 950-ISBL, 01/02/2006 00:00, 01/02/2006 00:00, 0.00
246.0, 32826182, 1, ICMR="Ice mixing ratio [kg/kg]", 950-ISBL, 01/02/2006 00:00, 01/02/2006 00:00, 0.00
247.0, 32921514, 1, HGT="Geopotential height [gpm]", 975-ISBL, 01/02/2006 00:00, 01/02/2006 00:00, 0.00
248.0, 33064360, 1, TMP="Temperature [K]", 975-ISBL, 01/02/2006 00:00, 01/02/2006 00:00, 0.00
249.0, 33230962, 1, SPFH="Specific humidity [kg/kg]", 975-ISBL, 01/02/2006 00:00, 01/02/2006 00:00, 0.00
250.0, 33373808, 1, VVEL="Vertical velocity (pressure) [Pa/s]", 975-ISBL, 01/02/2006 00:00, 01/02/2006 00:00, 0.00
251.0, 33492898, 1, UGRD="u-component of wind [m/s]", 975-ISBL, 01/02/2006 00:00, 01/02/2006 00:00, 0.00
252.0, 33647668, 1, VGRD="v-component of wind [m/s]", 975-ISBL, 01/02/2006 00:00, 01/02/2006 00:00, 0.00
253.0, 33802438, 1, TKE="Turbulent Kinetic Energy [J/kg]", 975-ISBL, 01/02/2006 00:00, 01/02/2006 00:00, 0.00
254.0, 33885892, 1, CLWMR="Cloud water [kg/kg]", 975-ISBL, 01/02/2006 00:00, 01/02/2006 00:00, 0.00
255.0, 34016860, 1, ICMR="Ice mixing ratio [kg/kg]", 975-ISBL, 01/02/2006 00:00, 01/02/2006 00:00, 0.00
256.0, 34147828, 1, HGT="Geopotential height [gpm]", 1000-ISBL, 01/02/2006 00:00, 01/02/2006 00:00, 0.00
257.0, 34290674, 1, TMP="Temperature [K]", 1000-ISBL, 01/02/2006 00:00, 01/02/2006 00:00, 0.00
258.0, 34457276, 1, SPFH="Specific humidity [kg/kg]", 1000-ISBL, 01/02/2006 00:00, 01/02/2006 00:00, 0.00
259.0, 34612000, 1, VVEL="Vertical velocity (pressure) [Pa/s]", 1000-ISBL, 01/02/2006 00:00, 01/02/2006 00:00, 0.00
260.0, 34731090, 1, UGRD="u-component of wind [m/s]", 1000-ISBL, 01/02/2006 00:00, 01/02/2006 00:00, 0.00
261.0, 34885860, 1, VGRD="v-component of wind [m/s]", 1000-ISBL, 01/02/2006 00:00, 01/02/2006 00:00, 0.00
262.0, 35040630, 1, TKE="Turbulent Kinetic Energy [J/kg]", 1000-ISBL, 01/02/2006 00:00, 01/02/2006 00:00, 0.00
263.0, 35135962, 1, CLWMR="Cloud water [kg/kg]", 1000-ISBL, 01/02/2006 00:00, 01/02/2006 00:00, 0.00
264.0, 35231294, 1, ICMR="Ice mixing ratio [kg/kg]", 1000-ISBL, 01/02/2006 00:00, 01/02/2006 00:00, 0.00
265.0, 35326626, 1, PRES="Pressure [Pa]", 0-SFC, 01/02/2006 00:00, 01/02/2006 00:00, 0.00
266.0, 35445716, 1, PRESN="Pressure (nearest grid point) [Pa]", 0-SFC, 01/02/2006 00:00, 01/02/2006 00:00, 0.00
267.0, 35564806, 1, TMP="Temperature [K]", 0-SFC, 01/02/2006 00:00, 01/02/2006 00:00, 0.00
268.0, 35707652, 1, POT="Potential temperature [K]", 0-SFC, 01/02/2006 00:00, 01/02/2006 00:00, 0.00
269.0, 35850498, 1, TSOIL="Soil temperature [K]", 0-10-DBLY, 01/02/2006 00:00, 01/02/2006 00:00, 0.00
270.0, 35993344, 1, SOILW="Volumetric soil moisture (frozen + liquid) [fraction]", 0-10-DBLY, 01/02/2006 00:00, 01/02/2006 00:00, 0.00
271.0, 36051068, 1, SOILL="Liquid volumetric soil moisture (non-frozen) [fraction]", 0-10-DBLY, 01/02/2006 00:00, 01/02/2006 00:00, 0.00
272.0, 36108792, 1, TSOIL="Soil temperature [K]", 10-40-DBLY, 01/02/2006 00:00, 01/02/2006 00:00, 0.00
273.0, 36251638, 1, SOILW="Volumetric soil moisture (frozen + liquid) [fraction]", 10-40-DBLY, 01/02/2006 00:00, 01/02/2006 00:00, 0.00
274.0, 36309362, 1, SOILL="Liquid volumetric soil moisture (non-frozen) [fraction]", 10-40-DBLY, 01/02/2006 00:00, 01/02/2006 00:00, 0.00
275.0, 36367086, 1, TSOIL="Soil temperature [K]", 40-100-DBLY, 01/02/2006 00:00, 01/02/2006 00:00, 0.00
276.0, 36509932, 1, SOILW="Volumetric soil moisture (frozen + liquid) [fraction]", 40-100-DBLY, 01/02/2006 00:00, 01/02/2006 00:00, 0.00
277.0, 36567656, 1, SOILL="Liquid volumetric soil moisture (non-frozen) [fraction]", 40-100-DBLY, 01/02/2006 00:00, 01/02/2006 00:00, 0.00
278.0, 36625380, 1, TSOIL="Soil temperature [K]", 100-200-DBLY, 01/02/2006 00:00, 01/02/2006 00:00, 0.00
279.0, 36768226, 1, SOILW="Volumetric soil moisture (frozen + liquid) [fraction]", 100-200-DBLY, 01/02/2006 00:00, 01/02/2006 00:00, 0.00
280.0, 36825950, 1, SOILL="Liquid volumetric soil moisture (non-frozen) [fraction]", 100-200-DBLY, 01/02/2006 00:00, 01/02/2006 00:00, 0.00
281.0, 36883674, 1, TSOIL="Soil temperature [K]", 800-DBLL, 01/02/2006 00:00, 01/02/2006 00:00, 0.00
282.0, 37026520, 1, MSTAV="Moisture availability [%]", 0-100-DBLY, 01/02/2006 00:00, 01/02/2006 00:00, 0.00
283.0, 37063226, 1, SOILM="Soil moisture content [kg/m^2]", 0-200-DBLY, 01/02/2006 00:00, 01/02/2006 00:00, 0.00
284.0, 37124452, 1, CNWAT="Plant canopy surface water [kg/m^2]", 0-SFC, 01/02/2006 00:00, 01/02/2006 00:00, 0.00
285.0, 37182176, 1, WEASD="Water equiv. of accum. snow depth [kg/m^2]", 0-SFC, 01/02/2006 00:00, 01/02/2006 00:00, 0.00
286.0, 37384412, 1, SNOWC="Snow cover [%]", 0-SFC, 01/02/2006 00:00, 01/02/2006 00:00, 0.00
287.0, 37479744, 1, SNOD="Snow depth [m]", 0-SFC, 01/02/2006 00:00, 01/02/2006 00:00, 0.00
288.0, 37681980, 1, TMP="Temperature [K]", 2-HTGL, 01/02/2006 00:00, 01/02/2006 00:00, 0.00
289.0, 37824826, 1, SPFH="Specific humidity [kg/kg]", 2-HTGL, 01/02/2006 00:00, 01/02/2006 00:00, 0.00
290.0, 37979550, 1, DPT="Dew point temperature [K]", 2-HTGL, 01/02/2006 00:00, 01/02/2006 00:00, 0.00
291.0, 38158030, 1, RH="Relative humidity [%]", 2-HTGL, 01/02/2006 00:00, 01/02/2006 00:00, 0.00
292.0, 38300876, 1, PRES="Pressure [Pa]", 2-HTGL, 01/02/2006 00:00, 01/02/2006 00:00, 0.00
293.0, 38419966, 1, UGRD="u-component of wind [m/s]", 10-HTGL, 01/02/2006 00:00, 01/02/2006 00:00, 0.00
294.0, 38586618, 1, VGRD="v-component of wind [m/s]", 10-HTGL, 01/02/2006 00:00, 01/02/2006 00:00, 0.00
295.0, 38753270, 1, POT="Potential temperature [K]", 10-HTGL, 01/02/2006 00:00, 01/02/2006 00:00, 0.00
296.0, 38896116, 1, TMP="Temperature [K]", 10-HTGL, 01/02/2006 00:00, 01/02/2006 00:00, 0.00
297.0, 39038962, 1, PRES="Pressure [Pa]", 10-HTGL, 01/02/2006 00:00, 01/02/2006 00:00, 0.00
298.0, 39158052, 1, SPFH="Specific humidity [kg/kg]", 10-HTGL, 01/02/2006 00:00, 01/02/2006 00:00, 0.00
299.0, 39300898, 1, UGRD="u-component of wind [m/s]", 30-HTGL, 01/02/2006 00:00, 01/02/2006 00:00, 0.00
300.0, 39467550, 1, VGRD="v-component of wind [m/s]", 30-HTGL, 01/02/2006 00:00, 01/02/2006 00:00, 0.00
301.0, 39634202, 1, POT="Potential temperature [K]", 30-HTGL, 01/02/2006 00:00, 01/02/2006 00:00, 0.00
302.0, 39777048, 1, TMP="Temperature [K]", 30-HTGL, 01/02/2006 00:00, 01/02/2006 00:00, 0.00
303.0, 39919894, 1, PRES="Pressure [Pa]", 30-HTGL, 01/02/2006 00:00, 01/02/2006 00:00, 0.00
304.0, 40038984, 1, SPFH="Specific humidity [kg/kg]", 30-HTGL, 01/02/2006 00:00, 01/02/2006 00:00, 0.00
305.0, 40181830, 1, FRICV="Surface friction velocity [m/s]", 0-SFC, 01/02/2006 00:00, 01/02/2006 00:00, 0.00
306.0, 40194016, 1, CD="Surface drag coefficient [-]", 0-SFC, 01/02/2006 00:00, 01/02/2006 00:00, 0.00
307.0, 40324984, 1, SFEXC="Exchange coefficient [(kg/m^3)(m/s)]", 0-SFC, 01/02/2006 00:00, 01/02/2006 00:00, 0.00
308.0, 40491586, 1, VEG="Vegetation [%]", 0-SFC, 01/02/2006 00:00, 01/02/2006 00:00, 0.00
309.0, 40538800, 1, CCOND="Canopy conductance [m/s]", 0-SFC, 01/02/2006 00:00, 01/02/2006 00:00, 0.00
310.0, 40600026, 1, RCS="Solar parameter in canopy conductance [fraction]", 0-SFC, 01/02/2006 00:00, 01/02/2006 00:00, 0.00
311.0, 40647240, 1, RCT="Temperature parameter in canopy conductance [fraction]", 0-SFC, 01/02/2006 00:00, 01/02/2006 00:00, 0.00
312.0, 40683946, 1, RCQ="Humidity parameter in canopy conductance [fraction]", 0-SFC, 01/02/2006 00:00, 01/02/2006 00:00, 0.00
313.0, 40717150, 1, RCSOL="Soil moisture parameter in canopy conductance [fraction]", 0-SFC, 01/02/2006 00:00, 01/02/2006 00:00, 0.00
314.0, 40753856, 1, LFTX="Surface lifted index [K]", 50-100-ISBY, 01/02/2006 00:00, 01/02/2006 00:00, 0.00
315.0, 40884824, 1, CAPE="Convective available potential energy [J/kg]", 0-SFC, 01/02/2006 00:00, 01/02/2006 00:00, 0.00
316.0, 41003914, 1, CIN="Convective inhibition [J/kg]", 0-SFC, 01/02/2006 00:00, 01/02/2006 00:00, 0.00
317.0, 41134882, 1, PWAT="Precipitable water [kg/m^2]", 0-EATM, 01/02/2006 00:00, 01/02/2006 00:00, 0.00
318.0, 41253972, 1, PRES="Pressure [Pa]", 0-CBL, 01/02/2006 00:00, 01/02/2006 00:00, 0.00
319.0, 41347400, 1, HGT="Geopotential height [gpm]", 0-CBL, 01/02/2006 00:00, 01/02/2006 00:00, 0.00
320.0, 41440828, 1, PRES="Pressure [Pa]", 0-CTL, 01/02/2006 00:00, 01/02/2006 00:00, 0.00
321.0, 41548038, 1, HGT="Geopotential height [gpm]", 0-CTL, 01/02/2006 00:00, 01/02/2006 00:00, 0.00
322.0, 41641466, 1, TMP="Temperature [K]", 0-CTL, 01/02/2006 00:00, 01/02/2006 00:00, 0.00
323.0, 41784312, 1, HLCY="Storm relative helicity [m^2/s^2]", 30-0-HTGY, 01/02/2006 00:00, 01/02/2006 00:00, 0.00
324.0, 41879644, 1, USTM="u-component of storm motion [m/s]", 60-0-HTGY, 01/02/2006 00:00, 01/02/2006 00:00, 0.00
325.0, 42010650, 1, VSTM="v-component of storm motion [m/s]", 60-0-HTGY, 01/02/2006 00:00, 01/02/2006 00:00, 0.00
326.0, 42141656, 1, PRES="Pressure [Pa]", 0-TRO, 01/02/2006 00:00, 01/02/2006 00:00, 0.00
327.0, 42260746, 1, HGT="Geopotential height [gpm]", 0-TRO, 01/02/2006 00:00, 01/02/2006 00:00, 0.00
328.0, 42403592, 1, TMP="Temperature [K]", 0-TRO, 01/02/2006 00:00, 01/02/2006 00:00, 0.00
329.0, 42534560, 1, UGRD="u-component of wind [m/s]", 0-TRO, 01/02/2006 00:00, 01/02/2006 00:00, 0.00
330.0, 42713094, 1, VGRD="v-component of wind [m/s]", 0-TRO, 01/02/2006 00:00, 01/02/2006 00:00, 0.00
331.0, 42891628, 1, VWSH="Vertical speed shear [1/s]", 0-TRO, 01/02/2006 00:00, 01/02/2006 00:00, 0.00
332.0, 43010718, 1, PRES="Pressure [Pa]", 0-MWSL, 01/02/2006 00:00, 01/02/2006 00:00, 0.00
333.0, 43117928, 1, HGT="Geopotential height [gpm]", 0-MWSL, 01/02/2006 00:00, 01/02/2006 00:00, 0.00
334.0, 43213260, 1, UGRD="u-component of wind [m/s]", 0-MWSL, 01/02/2006 00:00, 01/02/2006 00:00, 0.00
335.0, 43391794, 1, VGRD="v-component of wind [m/s]", 0-MWSL, 01/02/2006 00:00, 01/02/2006 00:00, 0.00
336.0, 43570328, 1, HGT="Geopotential height [gpm]", 0-0DEG, 01/02/2006 00:00, 01/02/2006 00:00, 0.00
337.0, 43701296, 1, RH="Relative humidity [%]", 0-0DEG, 01/02/2006 00:00, 01/02/2006 00:00, 0.00
338.0, 43844142, 1, TMP="Temperature [K]", 30-0-SPDY, 01/02/2006 00:00, 01/02/2006 00:00, 0.00
339.0, 43986988, 1, SPFH="Specific humidity [kg/kg]", 30-0-SPDY, 01/02/2006 00:00, 01/02/2006 00:00, 0.00
340.0, 44129834, 1, MCONV="Horizontal moisture divergence [kg/kg/s]", 30-0-SPDY, 01/02/2006 00:00, 01/02/2006 00:00, 0.00
341.0, 44260802, 1, UGRD="u-component of wind [m/s]", 30-0-SPDY, 01/02/2006 00:00, 01/02/2006 00:00, 0.00
342.0, 44427454, 1, VGRD="v-component of wind [m/s]", 30-0-SPDY, 01/02/2006 00:00, 01/02/2006 00:00, 0.00
343.0, 44594106, 1, VVEL="Vertical velocity (pressure) [Pa/s]", 30-0-SPDY, 01/02/2006 00:00, 01/02/2006 00:00, 0.00
344.0, 44713196, 1, TMP="Temperature [K]", 60-30-SPDY, 01/02/2006 00:00, 01/02/2006 00:00, 0.00
345.0, 44856042, 1, SPFH="Specific humidity [kg/kg]", 60-30-SPDY, 01/02/2006 00:00, 01/02/2006 00:00, 0.00
346.0, 44998888, 1, MCONV="Horizontal moisture divergence [kg/kg/s]", 60-30-SPDY, 01/02/2006 00:00, 01/02/2006 00:00, 0.00
347.0, 45129856, 1, UGRD="u-component of wind [m/s]", 60-30-SPDY, 01/02/2006 00:00, 01/02/2006 00:00, 0.00
348.0, 45296508, 1, VGRD="v-component of wind [m/s]", 60-30-SPDY, 01/02/2006 00:00, 01/02/2006 00:00, 0.00
349.0, 45463160, 1, VVEL="Vertical velocity (pressure) [Pa/s]", 60-30-SPDY, 01/02/2006 00:00, 01/02/2006 00:00, 0.00
350.0, 45594128, 1, TMP="Temperature [K]", 90-60-SPDY, 01/02/2006 00:00, 01/02/2006 00:00, 0.00
351.0, 45736974, 1, SPFH="Specific humidity [kg/kg]", 90-60-SPDY, 01/02/2006 00:00, 01/02/2006 00:00, 0.00
352.0, 45879820, 1, MCONV="Horizontal moisture divergence [kg/kg/s]", 90-60-SPDY, 01/02/2006 00:00, 01/02/2006 00:00, 0.00
353.0, 46010788, 1, UGRD="u-component of wind [m/s]", 90-60-SPDY, 01/02/2006 00:00, 01/02/2006 00:00, 0.00
354.0, 46189322, 1, VGRD="v-component of wind [m/s]", 90-60-SPDY, 01/02/2006 00:00, 01/02/2006 00:00, 0.00
355.0, 46367856, 1, VVEL="Vertical velocity (pressure) [Pa/s]", 90-60-SPDY, 01/02/2006 00:00, 01/02/2006 00:00, 0.00
356.0, 46510702, 1, TMP="Temperature [K]", 120-90-SPDY, 01/02/2006 00:00, 01/02/2006 00:00, 0.00
357.0, 46653548, 1, SPFH="Specific humidity [kg/kg]", 120-90-SPDY, 01/02/2006 00:00, 01/02/2006 00:00, 0.00
358.0, 46796394, 1, MCONV="Horizontal moisture divergence [kg/kg/s]", 120-90-SPDY, 01/02/2006 00:00, 01/02/2006 00:00, 0.00
359.0, 46915484, 1, UGRD="u-component of wind [m/s]", 120-90-SPDY, 01/02/2006 00:00, 01/02/2006 00:00, 0.00
360.0, 47094018, 1, VGRD="v-component of wind [m/s]", 120-90-SPDY, 01/02/2006 00:00, 01/02/2006 00:00, 0.00
361.0, 47260670, 1, VVEL="Vertical velocity (pressure) [Pa/s]", 120-90-SPDY, 01/02/2006 00:00, 01/02/2006 00:00, 0.00
362.0, 47403516, 1, TMP="Temperature [K]", 150-120-SPDY, 01/02/2006 00:00, 01/02/2006 00:00, 0.00
363.0, 47546362, 1, SPFH="Specific humidity [kg/kg]", 150-120-SPDY, 01/02/2006 00:00, 01/02/2006 00:00, 0.00
364.0, 47689208, 1, MCONV="Horizontal moisture divergence [kg/kg/s]", 150-120-SPDY, 01/02/2006 00:00, 01/02/2006 00:00, 0.00
365.0, 47808298, 1, UGRD="u-component of wind [m/s]", 150-120-SPDY, 01/02/2006 00:00, 01/02/2006 00:00, 0.00
366.0, 47974950, 1, VGRD="v-component of wind [m/s]", 150-120-SPDY, 01/02/2006 00:00, 01/02/2006 00:00, 0.00
367.0, 48141602, 1, VVEL="Vertical velocity (pressure) [Pa/s]", 150-120-SPDY, 01/02/2006 00:00, 01/02/2006 00:00, 0.00
368.0, 48284448, 1, TMP="Temperature [K]", 180-150-SPDY, 01/02/2006 00:00, 01/02/2006 00:00, 0.00
369.0, 48427294, 1, SPFH="Specific humidity [kg/kg]", 180-150-SPDY, 01/02/2006 00:00, 01/02/2006 00:00, 0.00
370.0, 48570140, 1, MCONV="Horizontal moisture divergence [kg/kg/s]", 180-150-SPDY, 01/02/2006 00:00, 01/02/2006 00:00, 0.00
371.0, 48701108, 1, UGRD="u-component of wind [m/s]", 180-150-SPDY, 01/02/2006 00:00, 01/02/2006 00:00, 0.00
372.0, 48867760, 1, VGRD="v-component of wind [m/s]", 180-150-SPDY, 01/02/2006 00:00, 01/02/2006 00:00, 0.00
373.0, 49034412, 1, VVEL="Vertical velocity (pressure) [Pa/s]", 180-150-SPDY, 01/02/2006 00:00, 01/02/2006 00:00, 0.00
374.0, 49177258, 1, 4LFTX="Best (4-layer) lifted index [K]", 180-0-SPDY, 01/02/2006 00:00, 01/02/2006 00:00, 0.00
375.0, 49296348, 1, CAPE="Convective available potential energy [J/kg]", 180-0-SPDY, 01/02/2006 00:00, 01/02/2006 00:00, 0.00
376.0, 49415438, 1, CIN="Convective inhibition [J/kg]", 180-0-SPDY, 01/02/2006 00:00, 01/02/2006 00:00, 0.00
377.0, 49546406, 1, PRES="Pressure [Pa]", 0-ADCL, 01/02/2006 00:00, 01/02/2006 00:00, 0.00
378.0, 49677374, 1, ALBDO="Albedo [%]", 0-SFC, 01/02/2006 00:00, 01/02/2006 00:00, 0.00
379.0, 49808342, 1, PRATE="Precipitation rate [kg/m^2/s]", 0-SFC, 01/02/2006 00:00, 01/02/2006 03:00, 3.00
380.0, 49927432, 1, APCP="Total precipitation [kg/m^2]", 0-SFC, 01/02/2006 00:00, 01/02/2006 03:00, 3.00
381.0, 50082156, 1, APCPN="Total precipitation (nearest grid point) [kg/m^2]", 0-SFC, 01/02/2006 00:00, 01/02/2006 03:00, 3.00
382.0, 50248758, 1, ACPCP="Convective precipitation [kg/m^2]", 0-SFC, 01/02/2006 00:00, 01/02/2006 03:00, 3.00
383.0, 50403482, 1, SNOM="Snow melt [kg/m^2]", 0-SFC, 01/02/2006 00:00, 01/02/2006 03:00, 3.00
384.0, 50546328, 1, SSRUN="Surface runoff (non-infiltrating) [kg/m^2]", 0-SFC, 01/02/2006 00:00, 01/02/2006 03:00, 3.00
385.0, 50597046, 1, BGRUN="Subsurface runoff (baseflow) [kg/m^2]", 0-SFC, 01/02/2006 00:00, 01/02/2006 03:00, 3.00
386.0, 50647764, 1, CSNOW="Categorical snow [yes=1;no=0]", 0-SFC, 01/02/2006 00:00, 01/02/2006 03:00, 3.00
387.0, 50671828, 1, CICEP="Categorical ice pellets [yes=1;no=0]", 0-SFC, 01/02/2006 00:00, 01/02/2006 03:00, 3.00
388.0, 50695892, 1, CFRZR="Categorical freezing rain [yes=1;no=0]", 0-SFC, 01/02/2006 00:00, 01/02/2006 03:00, 3.00
389.0, 50719956, 1, CRAIN="Categorical rain [yes=1;no=0]", 0-SFC, 01/02/2006 00:00, 01/02/2006 03:00, 3.00
390.0, 50744020, 1, LHTFL="Latent heat net flux [W/m^2]", 0-SFC, 01/02/2006 00:00, 01/02/2006 03:00, 3.00
391.0, 50922500, 1, SHTFL="Sensible heat flux [W/m^2]", 0-SFC, 01/02/2006 00:00, 01/02/2006 03:00, 3.00
392.0, 51100980, 1, GFLUX="Ground Heat Flux [W/m^2]", 0-SFC, 01/02/2006 00:00, 01/02/2006 03:00, 3.00
393.0, 51155200, 1, SNOHF="Snow phase-change heat flux [W/m^2]", 0-SFC, 01/02/2006 00:00, 01/02/2006 03:00, 3.00
394.0, 51321802, 1, EVP="Evaporation [kg/m^2]", 0-SFC, 01/02/2006 00:00, 01/02/2006 03:00, 3.00
395.0, 51476526, 1, PEVAP="Potential evaporation [kg/m^2]", 0-SFC, 01/02/2006 00:00, 01/02/2006 03:00, 3.00
396.0, 51631250, 1, WVINC="water vapor added by precip assimilation [kg/m^2]", 0-EATM, 01/02/2006 00:00, 01/02/2006 03:00, 3.00
397.0, 51833486, 1, WVINC="water vapor added by precip assimilation [kg/m^2]", 0-70-ISBY, 01/02/2006 00:00, 01/02/2006 03:00, 3.00
398.0, 52035722, 1, WCINC="water condensate added by precip assimilation [kg/m^2]", 0-EATM, 01/02/2006 00:00, 01/02/2006 03:00, 3.00
399.0, 52226080, 1, WCINC="water condensate added by precip assimilation [kg/m^2]", 0-70-ISBY, 01/02/2006 00:00, 01/02/2006 03:00, 3.00
400.0, 52416438, 1, LCDC="Low cloud cover [%]", 0-LCY, 01/02/2006 00:00, 01/02/2006 03:00, 3.00
401.0, 52511770, 1, MCDC="Medium cloud cover [%]", 0-MCY, 01/02/2006 00:00, 01/02/2006 03:00, 3.00
402.0, 52607102, 1, HCDC="High cloud cover [%]", 0-HCY, 01/02/2006 00:00, 01/02/2006 03:00, 3.00
403.0, 52702434, 1, TCDC="Total cloud cover [%]", 0-EATM, 01/02/2006 00:00, 01/02/2006 03:00, 3.00
404.0, 52797766, 1, CDLYR="Non -convective cloud [%]", 0-EATM, 01/02/2006 00:00, 01/02/2006 03:00, 3.00
405.0, 52893098, 1, CDCON="Convective cloud cover [%]", 0-EATM, 01/02/2006 00:00, 01/02/2006 03:00, 3.00
406.0, 52988430, 1, DSWRF="Downward shortwave radiation flux [W/m^2]", 0-SFC, 01/02/2006 00:00, 01/02/2006 03:00, 3.00
407.0, 53166910, 1, DLWRF="Downward longwave radiation flux [W/m^2]", 0-SFC, 01/02/2006 00:00, 01/02/2006 03:00, 3.00
408.0, 53333512, 1, USWRF="Upward short wave radiation flux [W/m^2]", 0-SFC, 01/02/2006 00:00, 01/02/2006 03:00, 3.00
409.0, 53488236, 1, ULWRF="Upward long wave radiation flux [W/m^2]", 0-SFC, 01/02/2006 00:00, 01/02/2006 03:00, 3.00
410.0, 53654838, 1, USWRF="Upward short wave radiation flux [W/m^2]", 0-NTAT, 01/02/2006 00:00, 01/02/2006 03:00, 3.00
411.0, 53821440, 1, ULWRF="Upward long wave radiation flux [W/m^2]", 0-NTAT, 01/02/2006 00:00, 01/02/2006 03:00, 3.00
412.0, 53976164, 1, WVCONV="Water vapor flux convergence (vertical int) [kg/m^2]", 0-EATM, 01/02/2006 00:00, 01/02/2006 03:00, 3.00
413.0, 54154644, 1, WVCONV="Water vapor flux convergence (vertical int) [kg/m^2]", 0-70-ISBY, 01/02/2006 00:00, 01/02/2006 03:00, 3.00
414.0, 54333124, 1, WCCONV="Water condensate flux convergence (vertical int) [kg/m^2]", 0-EATM, 01/02/2006 00:00, 01/02/2006 03:00, 3.00
415.0, 54535360, 1, WCCONV="Water condensate flux convergence (vertical int) [kg/m^2]", 0-70-ISBY, 01/02/2006 00:00, 01/02/2006 03:00, 3.00
416.0, 54737596, 1, WCUFLX="Water condensate zonal flux (vertical int) [kg/m]", 0-70-ISBY, 01/02/2006 00:00, 01/02/2006 03:00, 3.00
417.0, 54939832, 1, WCVFLX="Water condensate meridional flux (vertical int) [kg/m]", 0-70-ISBY, 01/02/2006 00:00, 01/02/2006 03:00, 3.00
418.0, 55130190, 1, WCUFLX="Water condensate zonal flux (vertical int) [kg/m]", 0-EATM, 01/02/2006 00:00, 01/02/2006 03:00, 3.00
419.0, 55320548, 1, WCVFLX="Water condensate meridional flux (vertical int) [kg/m]", 0-EATM, 01/02/2006 00:00, 01/02/2006 03:00, 3.00
420.0, 55522784, 1, WVUFLX="Water vapor zonal flux (vertical int) [kg/m]", 0-70-ISBY, 01/02/2006 00:00, 01/02/2006 03:00, 3.00
421.0, 55725020, 1, WVVFLX="Water vapor meridional flux (vertical int) [kg/m]", 0-70-ISBY, 01/02/2006 00:00, 01/02/2006 03:00, 3.00
422.0, 55915378, 1, WVUFLX="Water vapor zonal flux (vertical int) [kg/m]", 0-EATM, 01/02/2006 00:00, 01/02/2006 03:00, 3.00
423.0, 56093858, 1, WVVFLX="Water vapor meridional flux (vertical int) [kg/m]", 0-EATM, 01/02/2006 00:00, 01/02/2006 03:00, 3.00
